{
  "model_id": "gpt-4o",
  "psi_vector": [
    0.08333333333333333,
    0.0,
    0.212,
    0.15384615384615385,
    0.0,
    0.0,
    0.0,
    0.212,
    0.0,
    0.3333333333333333,
    0.5,
    0.3333333333333333,
    0.0,
    0.212,
    0.0,
    0.0,
    0.0,
    0.08333333333333333,
    0.0,
    1.0,
    0.212,
    0.2857142857142857,
    0.212,
    0.25,
    0.212,
    0.212,
    0.0,
    0.0,
    0.38095238095238093,
    0.212,
    0.0,
    0.0,
    1.0,
    0.14285714285714285,
    0.212,
    0.25,
    0.212,
    0.212,
    0.0,
    0.212,
    0.212,
    0.3333333333333333,
    0.0,
    0.2222222222222222,
    0.42857142857142855,
    0.212,
    0.0,
    0.6086956521739131,
    0.6666666666666666,
    0.212,
    0.0,
    0.0,
    0.0,
    0.15384615384615385,
    0.0,
    0.0,
    0.06666666666666667,
    0.212,
    0.058823529411764705,
    0.5,
    0.212,
    0.212,
    0.6666666666666666,
    0.5555555555555556,
    0.0,
    0.0,
    0.0,
    0.6666666666666666,
    0.0,
    0.0,
    0.0,
    0.212,
    0.0,
    0.14285714285714285,
    0.3333333333333333,
    0.6363636363636364,
    0.212,
    0.2222222222222222,
    0.1,
    0.0,
    0.212,
    0.212,
    0.212,
    0.3333333333333333,
    0.2,
    0.0,
    0.0,
    0.212,
    0.0,
    0.0,
    0.16666666666666666,
    0.0,
    0.212,
    0.1111111111111111,
    0.7692307692307693,
    0.0,
    0.4,
    0.212,
    0.1111111111111111,
    0.0
  ],
  "cost_per_1k_tokens": 0.00625,
  "num_validation_samples": 500,
  "cluster_sample_counts": [
    12.0,
    8.0,
    0.0,
    26.0,
    10.0,
    6.0,
    3.0,
    0.0,
    1.0,
    3.0,
    2.0,
    9.0,
    1.0,
    0.0,
    2.0,
    3.0,
    1.0,
    12.0,
    1.0,
    1.0,
    0.0,
    7.0,
    0.0,
    12.0,
    0.0,
    0.0,
    2.0,
    7.0,
    21.0,
    0.0,
    3.0,
    1.0,
    1.0,
    7.0,
    0.0,
    4.0,
    0.0,
    0.0,
    5.0,
    0.0,
    0.0,
    3.0,
    2.0,
    9.0,
    7.0,
    0.0,
    1.0,
    23.0,
    3.0,
    0.0,
    1.0,
    8.0,
    4.0,
    13.0,
    8.0,
    10.0,
    15.0,
    0.0,
    17.0,
    2.0,
    0.0,
    0.0,
    6.0,
    9.0,
    2.0,
    2.0,
    8.0,
    6.0,
    1.0,
    2.0,
    4.0,
    0.0,
    1.0,
    14.0,
    15.0,
    11.0,
    0.0,
    9.0,
    10.0,
    12.0,
    0.0,
    0.0,
    0.0,
    3.0,
    5.0,
    8.0,
    4.0,
    0.0,
    7.0,
    1.0,
    6.0,
    1.0,
    0.0,
    9.0,
    13.0,
    9.0,
    15.0,
    0.0,
    9.0,
    1.0
  ],
  "metadata": {
    "metric": "mmlu",
    "max_tokens": 256,
    "temperature": 0.0
  },
  "_stats": {
    "num_clusters": 100,
    "overall_error_rate": 0.212,
    "overall_accuracy": 0.788
  }
}