{
  "model_id": "gpt-3.5-turbo",
  "psi_vector": [
    0.6666666666666666,
    0.25,
    0.38,
    0.5,
    0.3,
    0.5,
    0.0,
    0.38,
    0.0,
    0.0,
    0.5,
    0.3333333333333333,
    0.0,
    0.38,
    0.5,
    0.0,
    0.0,
    0.25,
    1.0,
    0.0,
    0.38,
    0.5714285714285714,
    0.38,
    0.4166666666666667,
    0.38,
    0.38,
    0.0,
    0.14285714285714285,
    0.38095238095238093,
    0.38,
    0.0,
    0.0,
    1.0,
    0.2857142857142857,
    0.38,
    0.25,
    0.38,
    0.38,
    0.2,
    0.38,
    0.38,
    0.0,
    0.5,
    0.1111111111111111,
    1.0,
    0.38,
    1.0,
    0.7391304347826086,
    0.3333333333333333,
    0.38,
    0.0,
    0.25,
    0.0,
    0.3076923076923077,
    0.25,
    0.2,
    0.4,
    0.38,
    0.23529411764705882,
    0.0,
    0.38,
    0.38,
    0.6666666666666666,
    0.8888888888888888,
    0.0,
    0.0,
    0.125,
    0.6666666666666666,
    0.0,
    1.0,
    0.0,
    0.38,
    0.0,
    0.42857142857142855,
    0.6,
    0.45454545454545453,
    0.38,
    0.4444444444444444,
    0.1,
    0.25,
    0.38,
    0.38,
    0.38,
    0.6666666666666666,
    0.2,
    0.125,
    0.0,
    0.38,
    0.42857142857142855,
    0.0,
    0.16666666666666666,
    0.0,
    0.38,
    0.2222222222222222,
    0.6923076923076923,
    0.3333333333333333,
    0.6,
    0.38,
    0.3333333333333333,
    0.0
  ],
  "cost_per_1k_tokens": 0.001,
  "num_validation_samples": 500,
  "cluster_sample_counts": [
    12.0,
    8.0,
    0.0,
    26.0,
    10.0,
    6.0,
    3.0,
    0.0,
    1.0,
    3.0,
    2.0,
    9.0,
    1.0,
    0.0,
    2.0,
    3.0,
    1.0,
    12.0,
    1.0,
    1.0,
    0.0,
    7.0,
    0.0,
    12.0,
    0.0,
    0.0,
    2.0,
    7.0,
    21.0,
    0.0,
    3.0,
    1.0,
    1.0,
    7.0,
    0.0,
    4.0,
    0.0,
    0.0,
    5.0,
    0.0,
    0.0,
    3.0,
    2.0,
    9.0,
    7.0,
    0.0,
    1.0,
    23.0,
    3.0,
    0.0,
    1.0,
    8.0,
    4.0,
    13.0,
    8.0,
    10.0,
    15.0,
    0.0,
    17.0,
    2.0,
    0.0,
    0.0,
    6.0,
    9.0,
    2.0,
    2.0,
    8.0,
    6.0,
    1.0,
    2.0,
    4.0,
    0.0,
    1.0,
    14.0,
    15.0,
    11.0,
    0.0,
    9.0,
    10.0,
    12.0,
    0.0,
    0.0,
    0.0,
    3.0,
    5.0,
    8.0,
    4.0,
    0.0,
    7.0,
    1.0,
    6.0,
    1.0,
    0.0,
    9.0,
    13.0,
    9.0,
    15.0,
    0.0,
    9.0,
    1.0
  ],
  "metadata": {
    "metric": "mmlu",
    "max_tokens": 256,
    "temperature": 0.0
  },
  "_stats": {
    "num_clusters": 100,
    "overall_error_rate": 0.38,
    "overall_accuracy": 0.62
  }
}