{
  "model_id": "ministral-8b-latest",
  "psi_vector": [
    0.4166666666666667,
    0.25,
    0.386,
    0.6538461538461539,
    0.1,
    0.5,
    0.0,
    0.386,
    1.0,
    0.3333333333333333,
    0.0,
    0.1111111111111111,
    0.0,
    0.386,
    0.0,
    0.0,
    0.0,
    0.16666666666666666,
    1.0,
    1.0,
    0.386,
    0.7142857142857143,
    0.386,
    0.25,
    0.386,
    0.386,
    0.0,
    0.2857142857142857,
    0.7142857142857143,
    0.386,
    0.0,
    0.0,
    1.0,
    0.14285714285714285,
    0.386,
    0.25,
    0.386,
    0.386,
    0.0,
    0.386,
    0.386,
    0.3333333333333333,
    0.0,
    0.4444444444444444,
    0.7142857142857143,
    0.386,
    0.0,
    0.6956521739130435,
    1.0,
    0.386,
    0.0,
    0.125,
    0.0,
    0.5384615384615384,
    0.0,
    0.0,
    0.26666666666666666,
    0.386,
    0.17647058823529413,
    0.5,
    0.386,
    0.386,
    0.6666666666666666,
    0.8888888888888888,
    0.0,
    0.5,
    0.0,
    0.6666666666666666,
    0.0,
    0.5,
    0.0,
    0.386,
    0.0,
    0.6428571428571429,
    0.5333333333333333,
    0.9090909090909091,
    0.386,
    0.3333333333333333,
    0.1,
    0.25,
    0.386,
    0.386,
    0.386,
    0.3333333333333333,
    0.0,
    0.125,
    0.0,
    0.386,
    0.2857142857142857,
    0.0,
    0.16666666666666666,
    0.0,
    0.386,
    0.4444444444444444,
    0.7692307692307693,
    0.1111111111111111,
    0.6666666666666666,
    0.386,
    0.3333333333333333,
    0.0
  ],
  "cost_per_1k_tokens": 0.00015,
  "num_validation_samples": 500,
  "cluster_sample_counts": [
    12.0,
    8.0,
    0.0,
    26.0,
    10.0,
    6.0,
    3.0,
    0.0,
    1.0,
    3.0,
    2.0,
    9.0,
    1.0,
    0.0,
    2.0,
    3.0,
    1.0,
    12.0,
    1.0,
    1.0,
    0.0,
    7.0,
    0.0,
    12.0,
    0.0,
    0.0,
    2.0,
    7.0,
    21.0,
    0.0,
    3.0,
    1.0,
    1.0,
    7.0,
    0.0,
    4.0,
    0.0,
    0.0,
    5.0,
    0.0,
    0.0,
    3.0,
    2.0,
    9.0,
    7.0,
    0.0,
    1.0,
    23.0,
    3.0,
    0.0,
    1.0,
    8.0,
    4.0,
    13.0,
    8.0,
    10.0,
    15.0,
    0.0,
    17.0,
    2.0,
    0.0,
    0.0,
    6.0,
    9.0,
    2.0,
    2.0,
    8.0,
    6.0,
    1.0,
    2.0,
    4.0,
    0.0,
    1.0,
    14.0,
    15.0,
    11.0,
    0.0,
    9.0,
    10.0,
    12.0,
    0.0,
    0.0,
    0.0,
    3.0,
    5.0,
    8.0,
    4.0,
    0.0,
    7.0,
    1.0,
    6.0,
    1.0,
    0.0,
    9.0,
    13.0,
    9.0,
    15.0,
    0.0,
    9.0,
    1.0
  ],
  "metadata": {
    "metric": "mmlu",
    "max_tokens": 256,
    "temperature": 0.0
  },
  "_stats": {
    "num_clusters": 100,
    "overall_error_rate": 0.386,
    "overall_accuracy": 0.614
  }
}