{
  "model_id": "ministral-3b-latest",
  "psi_vector": [
    0.4166666666666667,
    0.25,
    0.44,
    0.5384615384615384,
    0.2,
    0.6666666666666666,
    0.0,
    0.44,
    1.0,
    0.6666666666666666,
    0.5,
    0.1111111111111111,
    0.0,
    0.44,
    0.5,
    0.0,
    0.0,
    0.16666666666666666,
    0.0,
    1.0,
    0.44,
    0.8571428571428571,
    0.44,
    0.5833333333333334,
    0.44,
    0.44,
    0.0,
    0.2857142857142857,
    0.7142857142857143,
    0.44,
    0.0,
    0.0,
    1.0,
    0.42857142857142855,
    0.44,
    0.5,
    0.44,
    0.44,
    0.2,
    0.44,
    0.44,
    0.6666666666666666,
    0.5,
    0.3333333333333333,
    0.7142857142857143,
    0.44,
    1.0,
    0.7391304347826086,
    1.0,
    0.44,
    0.0,
    0.125,
    0.25,
    0.5384615384615384,
    0.125,
    0.4,
    0.4,
    0.44,
    0.29411764705882354,
    0.0,
    0.44,
    0.44,
    0.6666666666666666,
    1.0,
    0.0,
    0.5,
    0.375,
    0.6666666666666666,
    0.0,
    0.5,
    0.25,
    0.44,
    0.0,
    0.5714285714285714,
    0.4666666666666667,
    0.7272727272727273,
    0.44,
    0.5555555555555556,
    0.2,
    0.3333333333333333,
    0.44,
    0.44,
    0.44,
    0.3333333333333333,
    0.0,
    0.125,
    0.25,
    0.44,
    0.42857142857142855,
    0.0,
    0.16666666666666666,
    0.0,
    0.44,
    0.4444444444444444,
    0.7692307692307693,
    0.1111111111111111,
    0.4666666666666667,
    0.44,
    0.4444444444444444,
    0.0
  ],
  "cost_per_1k_tokens": 0.0001,
  "num_validation_samples": 500,
  "cluster_sample_counts": [
    12.0,
    8.0,
    0.0,
    26.0,
    10.0,
    6.0,
    3.0,
    0.0,
    1.0,
    3.0,
    2.0,
    9.0,
    1.0,
    0.0,
    2.0,
    3.0,
    1.0,
    12.0,
    1.0,
    1.0,
    0.0,
    7.0,
    0.0,
    12.0,
    0.0,
    0.0,
    2.0,
    7.0,
    21.0,
    0.0,
    3.0,
    1.0,
    1.0,
    7.0,
    0.0,
    4.0,
    0.0,
    0.0,
    5.0,
    0.0,
    0.0,
    3.0,
    2.0,
    9.0,
    7.0,
    0.0,
    1.0,
    23.0,
    3.0,
    0.0,
    1.0,
    8.0,
    4.0,
    13.0,
    8.0,
    10.0,
    15.0,
    0.0,
    17.0,
    2.0,
    0.0,
    0.0,
    6.0,
    9.0,
    2.0,
    2.0,
    8.0,
    6.0,
    1.0,
    2.0,
    4.0,
    0.0,
    1.0,
    14.0,
    15.0,
    11.0,
    0.0,
    9.0,
    10.0,
    12.0,
    0.0,
    0.0,
    0.0,
    3.0,
    5.0,
    8.0,
    4.0,
    0.0,
    7.0,
    1.0,
    6.0,
    1.0,
    0.0,
    9.0,
    13.0,
    9.0,
    15.0,
    0.0,
    9.0,
    1.0
  ],
  "metadata": {
    "metric": "mmlu",
    "max_tokens": 256,
    "temperature": 0.0
  },
  "_stats": {
    "num_clusters": 100,
    "overall_error_rate": 0.44,
    "overall_accuracy": 0.56
  }
}