{
  "model_id": "mistral-small-latest",
  "psi_vector": [
    0.3333333333333333,
    0.125,
    0.32,
    0.6153846153846154,
    0.0,
    0.5,
    0.0,
    0.32,
    0.0,
    0.3333333333333333,
    0.0,
    0.2222222222222222,
    0.0,
    0.32,
    0.0,
    0.0,
    0.0,
    0.08333333333333333,
    0.0,
    1.0,
    0.32,
    0.42857142857142855,
    0.32,
    0.4166666666666667,
    0.32,
    0.32,
    0.0,
    0.14285714285714285,
    0.5238095238095238,
    0.32,
    0.0,
    0.0,
    1.0,
    0.2857142857142857,
    0.32,
    0.25,
    0.32,
    0.32,
    0.0,
    0.32,
    0.32,
    0.3333333333333333,
    0.0,
    0.2222222222222222,
    0.8571428571428571,
    0.32,
    0.0,
    0.8260869565217391,
    0.6666666666666666,
    0.32,
    0.0,
    0.125,
    0.0,
    0.23076923076923078,
    0.0,
    0.1,
    0.06666666666666667,
    0.32,
    0.17647058823529413,
    0.5,
    0.32,
    0.32,
    0.5,
    0.8888888888888888,
    0.0,
    1.0,
    0.0,
    0.8333333333333334,
    0.0,
    0.5,
    0.0,
    0.32,
    0.0,
    0.2857142857142857,
    0.4666666666666667,
    0.5454545454545454,
    0.32,
    0.2222222222222222,
    0.1,
    0.16666666666666666,
    0.32,
    0.32,
    0.32,
    0.3333333333333333,
    0.2,
    0.125,
    0.0,
    0.32,
    0.42857142857142855,
    0.0,
    0.0,
    0.0,
    0.32,
    0.4444444444444444,
    0.6153846153846154,
    0.0,
    0.3333333333333333,
    0.32,
    0.3333333333333333,
    0.0
  ],
  "cost_per_1k_tokens": 0.0002,
  "num_validation_samples": 500,
  "cluster_sample_counts": [
    12.0,
    8.0,
    0.0,
    26.0,
    10.0,
    6.0,
    3.0,
    0.0,
    1.0,
    3.0,
    2.0,
    9.0,
    1.0,
    0.0,
    2.0,
    3.0,
    1.0,
    12.0,
    1.0,
    1.0,
    0.0,
    7.0,
    0.0,
    12.0,
    0.0,
    0.0,
    2.0,
    7.0,
    21.0,
    0.0,
    3.0,
    1.0,
    1.0,
    7.0,
    0.0,
    4.0,
    0.0,
    0.0,
    5.0,
    0.0,
    0.0,
    3.0,
    2.0,
    9.0,
    7.0,
    0.0,
    1.0,
    23.0,
    3.0,
    0.0,
    1.0,
    8.0,
    4.0,
    13.0,
    8.0,
    10.0,
    15.0,
    0.0,
    17.0,
    2.0,
    0.0,
    0.0,
    6.0,
    9.0,
    2.0,
    2.0,
    8.0,
    6.0,
    1.0,
    2.0,
    4.0,
    0.0,
    1.0,
    14.0,
    15.0,
    11.0,
    0.0,
    9.0,
    10.0,
    12.0,
    0.0,
    0.0,
    0.0,
    3.0,
    5.0,
    8.0,
    4.0,
    0.0,
    7.0,
    1.0,
    6.0,
    1.0,
    0.0,
    9.0,
    13.0,
    9.0,
    15.0,
    0.0,
    9.0,
    1.0
  ],
  "metadata": {
    "metric": "mmlu",
    "max_tokens": 256,
    "temperature": 0.0
  },
  "_stats": {
    "num_clusters": 100,
    "overall_error_rate": 0.32,
    "overall_accuracy": 0.6799999999999999
  }
}