{
  "model_id": "pixtral-12b-2409",
  "psi_vector": [
    0.4166666666666667,
    0.125,
    0.372,
    0.3076923076923077,
    0.2,
    0.5,
    0.0,
    0.372,
    1.0,
    0.0,
    0.5,
    0.2222222222222222,
    0.0,
    0.372,
    0.0,
    0.0,
    0.0,
    0.3333333333333333,
    1.0,
    1.0,
    0.372,
    0.42857142857142855,
    0.372,
    0.4166666666666667,
    0.372,
    0.372,
    0.0,
    0.14285714285714285,
    0.5238095238095238,
    0.372,
    0.0,
    0.0,
    1.0,
    0.2857142857142857,
    0.372,
    0.25,
    0.372,
    0.372,
    0.0,
    0.372,
    0.372,
    0.6666666666666666,
    0.5,
    0.1111111111111111,
    1.0,
    0.372,
    0.0,
    0.6521739130434783,
    0.3333333333333333,
    0.372,
    0.0,
    0.0,
    0.0,
    0.38461538461538464,
    0.25,
    0.3,
    0.4,
    0.372,
    0.17647058823529413,
    0.5,
    0.372,
    0.372,
    0.8333333333333334,
    0.8888888888888888,
    0.0,
    0.5,
    0.25,
    1.0,
    0.0,
    1.0,
    0.0,
    0.372,
    0.0,
    0.35714285714285715,
    0.5333333333333333,
    0.8181818181818182,
    0.372,
    0.4444444444444444,
    0.1,
    0.16666666666666666,
    0.372,
    0.372,
    0.372,
    0.6666666666666666,
    0.2,
    0.125,
    0.0,
    0.372,
    0.14285714285714285,
    0.0,
    0.16666666666666666,
    0.0,
    0.372,
    0.3333333333333333,
    0.7692307692307693,
    0.4444444444444444,
    0.6,
    0.372,
    0.1111111111111111,
    0.0
  ],
  "cost_per_1k_tokens": 0.00015,
  "num_validation_samples": 500,
  "cluster_sample_counts": [
    12.0,
    8.0,
    0.0,
    26.0,
    10.0,
    6.0,
    3.0,
    0.0,
    1.0,
    3.0,
    2.0,
    9.0,
    1.0,
    0.0,
    2.0,
    3.0,
    1.0,
    12.0,
    1.0,
    1.0,
    0.0,
    7.0,
    0.0,
    12.0,
    0.0,
    0.0,
    2.0,
    7.0,
    21.0,
    0.0,
    3.0,
    1.0,
    1.0,
    7.0,
    0.0,
    4.0,
    0.0,
    0.0,
    5.0,
    0.0,
    0.0,
    3.0,
    2.0,
    9.0,
    7.0,
    0.0,
    1.0,
    23.0,
    3.0,
    0.0,
    1.0,
    8.0,
    4.0,
    13.0,
    8.0,
    10.0,
    15.0,
    0.0,
    17.0,
    2.0,
    0.0,
    0.0,
    6.0,
    9.0,
    2.0,
    2.0,
    8.0,
    6.0,
    1.0,
    2.0,
    4.0,
    0.0,
    1.0,
    14.0,
    15.0,
    11.0,
    0.0,
    9.0,
    10.0,
    12.0,
    0.0,
    0.0,
    0.0,
    3.0,
    5.0,
    8.0,
    4.0,
    0.0,
    7.0,
    1.0,
    6.0,
    1.0,
    0.0,
    9.0,
    13.0,
    9.0,
    15.0,
    0.0,
    9.0,
    1.0
  ],
  "metadata": {
    "metric": "mmlu",
    "max_tokens": 256,
    "temperature": 0.0
  },
  "_stats": {
    "num_clusters": 100,
    "overall_error_rate": 0.372,
    "overall_accuracy": 0.628
  }
}